,Click the column headers to sort the chart by the given score.,Click the column headers to sort the chart by the given score.,Click the column headers to sort the chart by the given score.,Click the column headers to sort the chart by the given score.,Click the column headers to sort the chart by the given score.,Click the column headers to sort the chart by the given score.,Click the column headers to sort the chart by the given score.,Click the column headers to sort the chart by the given score.,Click the column headers to sort the chart by the given score.,Click the column headers to sort the chart by the given score.,Click the column headers to sort the chart by the given score.,Click the column headers to sort the chart by the given score.,Click the column headers to sort the chart by the given score.,Click the column headers to sort the chart by the given score.,Click the column headers to sort the chart by the given score.,Click the column headers to sort the chart by the given score.,Click the column headers to sort the chart by the given score.,Click the column headers to sort the chart by the given score.,Click the column headers to sort the chart by the given score.,Click the column headers to sort the chart by the given score.,Click the column headers to sort the chart by the given score.
,Unnamed: 0_level_1,Nat,Skater,JGP,CS,GP,Ch,WD,MeanEventTotal,MeanEventBV,MeanEventTES,MeanEventPCS,MeanJump,MeanSpin,MeanStep Seq,MeanChor Seq,MeanSS,MeanTR,MeanPE,MeanCO,MeanIN
0,1,ðŸ‡ºðŸ‡¸,Nathan Chen,0,0,2,0,0,288.28n=2,132.86n=2,152.10n=2,136.68n=2,11.08n=20,4.28n=12,5.16n=4,5.32n=2,9.23n=4,8.87n=4,9.08n=4,9.19n=4,9.12n=4
1,2,ðŸ‡¯ðŸ‡µ,Yuma Kagiyama,0,0,2,0,0,282.22n=2,125.28n=2,148.74n=2,133.48n=2,10.99n=20,4.26n=12,4.35n=4,4.57n=2,9.04n=4,8.66n=4,8.81n=4,8.97n=4,8.88n=4
2,3,ðŸ‡¯ðŸ‡µ,Shoma Uno,0,0,2,0,0,280.42n=2,125.03n=2,145.54n=2,134.88n=2,10.83n=20,3.91n=12,4.94n=4,3.86n=2,9.16n=4,8.78n=4,9.07n=4,9.05n=4,9.00n=4
3,4,ðŸ‡ºðŸ‡¸,Vincent Zhou,0,1,2,0,0,280.16n=3,135.84n=3,150.15n=3,130.01n=3,11.11n=30,4.07n=18,5.01n=6,4.58n=3,8.62n=6,8.50n=6,8.71n=6,8.71n=6,8.74n=6
4,5,ðŸ‡·ðŸ‡º,Mikhail Kolyada,0,1,2,0,0,265.06n=3,123.43n=3,134.82n=3,131.57n=3,9.48n=30,4.37n=18,4.73n=6,4.35n=3,8.86n=6,8.63n=6,8.66n=6,8.92n=6,8.77n=6
5,6,ðŸ‡ºðŸ‡¸,Jason Brown,0,1,2,0,0,262.09n=3,105.77n=3,125.11n=3,137.64n=3,8.23n=30,4.35n=18,5.61n=6,5.44n=3,9.12n=6,9.07n=6,9.08n=6,9.37n=6,9.31n=6
6,7,ðŸ‡°ðŸ‡·,Junhwan Cha,0,0,2,1,0,260.19n=3,117.06n=3,131.56n=3,129.63n=3,9.16n=30,4.18n=18,4.91n=6,5.09n=3,8.68n=6,8.47n=6,8.67n=6,8.81n=6,8.75n=6
7,8,ðŸ‡¯ðŸ‡µ,Kazuki Tomono,0,0,2,1,0,259.43n=3,120.91n=3,134.89n=3,125.21n=3,10.01n=30,3.52n=18,4.38n=6,4.96n=3,8.39n=6,8.06n=6,8.32n=6,8.37n=6,8.37n=6
8,9,ðŸ‡±ðŸ‡»,Deniss Vasiljevs,0,1,2,1,0,256.27n=4,112.21n=4,129.71n=4,127.06n=4,8.95n=40,4.23n=24,5.16n=8,4.52n=4,8.42n=8,8.18n=8,8.52n=8,8.52n=8,8.68n=8
9,10,ðŸ‡¯ðŸ‡µ,Shun Sato,0,0,2,0,0,256.02n=2,130.82n=2,136.20n=2,120.82n=2,10.18n=20,3.70n=12,4.06n=4,4.07n=2,8.16n=4,7.87n=4,7.97n=4,8.06n=4,7.96n=4
10,11,ðŸ‡·ðŸ‡º,Mark Kondratiuk,0,2,1,1,0,252.40n=4,122.74n=4,131.18n=4,121.97n=4,9.67n=40,3.58n=24,4.34n=8,4.36n=4,8.13n=8,7.84n=8,8.14n=8,8.16n=8,8.25n=8
11,12,ðŸ‡·ðŸ‡º,Evgeni Semenenko,0,1,2,1,0,251.22n=4,123.28n=4,132.10n=4,120.13n=4,9.60n=40,3.85n=24,4.33n=8,4.36n=4,8.12n=8,7.71n=8,8.02n=8,8.08n=8,8.05n=8
12,13,ðŸ‡®ðŸ‡¹,Daniel Grassl,0,2,2,1,0,251.13n=5,131.98n=5,134.06n=5,118.08n=5,9.81n=50,3.85n=30,4.47n=10,3.93n=5,7.88n=10,7.69n=10,7.90n=10,7.97n=10,7.99n=10
13,14,ðŸ‡·ðŸ‡º,Makar Ignatov,0,0,2,0,0,250.68n=2,125.22n=2,137.76n=2,113.42n=2,10.76n=20,3.29n=12,3.53n=4,3.36n=2,7.76n=4,7.33n=4,7.59n=4,7.68n=4,7.45n=4
14,15,ðŸ‡·ðŸ‡º,Andrei Mozalev,0,2,1,1,0,250.11n=4,122.04n=4,129.91n=4,121.45n=4,9.36n=40,3.89n=24,4.42n=8,4.12n=4,8.11n=8,7.98n=8,8.00n=8,8.15n=8,8.11n=8
15,16,ðŸ‡®ðŸ‡¹,Matteo Rizzo,0,1,2,0,0,248.35n=3,110.61n=3,125.20n=3,123.82n=3,8.81n=30,3.87n=18,4.85n=6,4.17n=3,8.18n=6,7.96n=6,8.24n=6,8.32n=6,8.34n=6
16,17,ðŸ‡¨ðŸ‡¦,Keegan Messing,0,2,2,0,0,247.26n=4,106.51n=4,121.24n=4,127.27n=4,8.43n=40,3.93n=24,4.31n=8,4.76n=4,8.61n=8,8.34n=8,8.50n=8,8.56n=8,8.58n=8
17,18,ðŸ‡·ðŸ‡º,Peter Gumennik,0,2,1,0,0,244.27n=3,118.70n=3,126.94n=3,118.67n=3,9.11n=30,3.88n=18,4.30n=6,3.96n=3,7.98n=6,7.66n=6,7.86n=6,8.00n=6,8.03n=6
18,19,ðŸ‡¬ðŸ‡ª,Morisi Kvitelashvili,0,2,2,1,0,243.18n=5,119.10n=5,125.72n=5,118.66n=5,9.02n=50,3.78n=30,4.40n=10,4.01n=5,7.95n=10,7.68n=10,7.84n=10,7.95n=10,7.94n=10
19,20,ðŸ‡¨ðŸ‡³,Boyang Jin,0,0,1,0,0,242.27n=1,125.50n=1,124.46n=1,119.81n=1,9.08n=10,3.52n=6,4.36n=2,3.86n=1,8.30n=2,7.74n=2,8.08n=2,8.07n=2,8.10n=2
20,21,ðŸ‡¯ðŸ‡µ,Kao Miura,0,0,1,1,0,241.98n=2,115.78n=2,126.86n=2,115.62n=2,9.77n=20,3.03n=12,3.70n=4,3.55n=2,7.82n=4,7.41n=4,7.74n=4,7.72n=4,7.57n=4
21,22,ðŸ‡·ðŸ‡º,Dmitri Aliev,0,1,2,0,0,240.16n=3,111.38n=3,120.52n=3,120.64n=3,8.63n=30,3.57n=18,4.24n=6,4.33n=3,8.17n=6,7.76n=6,7.98n=6,8.16n=6,8.11n=6
22,23,ðŸ‡·ðŸ‡º,Alexander Samarin,0,0,2,0,0,239.92n=2,117.66n=2,124.02n=2,116.41n=2,8.85n=20,3.82n=12,4.36n=4,3.82n=2,7.99n=4,7.52n=4,7.72n=4,7.84n=4,7.80n=4
23,24,ðŸ‡¯ðŸ‡µ,Sota Yamamoto,0,1,2,0,0,237.43n=3,112.04n=3,120.99n=3,117.44n=3,8.51n=30,4.01n=18,3.69n=6,4.51n=3,7.99n=6,7.48n=6,7.86n=6,7.86n=6,7.93n=6
24,25,ðŸ‡«ðŸ‡·,KÃ©vin Aymoz,0,1,1,1,1,236.57n=3,100.02n=3,112.16n=3,125.08n=3,7.01n=33,3.78n=21,5.01n=7,4.75n=3,8.24n=6,8.08n=6,8.07n=6,8.29n=6,8.36n=6
25,26,ðŸ‡«ðŸ‡·,Adam Siao Him Fa,0,2,2,0,0,235.50n=4,115.02n=4,119.05n=4,117.44n=4,8.25n=40,3.69n=24,5.09n=8,4.29n=4,7.90n=8,7.57n=8,7.85n=8,7.87n=8,7.95n=8
26,27,ðŸ‡·ðŸ‡º,Gleb Lutfullin,2,0,0,0,0,230.84n=2,111.12n=2,122.86n=2,107.98n=2,9.28n=20,3.70n=12,3.89n=4,-n=0,7.29n=4,6.96n=4,7.23n=4,7.21n=4,7.26n=4
27,28,ðŸ‡¦ðŸ‡¿,Vladimir Litvintsev,0,2,0,1,0,230.72n=3,112.07n=3,119.25n=3,113.13n=3,8.51n=30,3.73n=18,4.03n=6,3.73n=3,7.66n=6,7.30n=6,7.56n=6,7.53n=6,7.65n=6
28,29,ðŸ‡¯ðŸ‡µ,Koshiro Shimada,0,1,0,0,0,228.77n=1,102.73n=1,107.57n=1,123.20n=1,7.32n=10,3.75n=6,3.76n=2,4.40n=1,8.30n=2,8.05n=2,8.15n=2,8.38n=2,8.38n=2
29,30,ðŸ‡¨ðŸ‡¿,Michal BÅ™ezina,0,0,2,1,0,228.48n=3,101.41n=3,107.57n=3,122.57n=3,7.32n=30,3.56n=18,4.55n=6,3.91n=3,8.26n=6,7.92n=6,8.14n=6,8.18n=6,8.26n=6
30,31,ðŸ‡ºðŸ‡¸,Ilia Malinin,2,1,0,0,0,227.51n=3,118.44n=3,122.10n=3,106.41n=3,9.00n=30,3.95n=18,3.59n=6,3.50n=1,7.22n=6,6.88n=6,7.16n=6,7.10n=6,7.10n=6
31,32,ðŸ‡¯ðŸ‡µ,Sena Miyake,0,1,0,1,0,227.44n=2,110.78n=2,116.16n=2,111.28n=2,8.48n=20,3.21n=12,4.08n=4,3.92n=2,7.51n=4,7.08n=4,7.26n=4,7.33n=4,7.38n=4
32,33,ðŸ‡¨ðŸ‡¦,Roman Sadovsky,0,1,2,0,0,226.38n=3,108.13n=3,108.21n=3,119.84n=3,7.10n=30,4.09n=18,4.34n=6,4.02n=3,8.03n=6,7.80n=6,7.86n=6,8.05n=6,8.15n=6
33,34,ðŸ‡°ðŸ‡·,Sihyeong Lee,0,1,0,1,0,226.16n=2,112.74n=2,116.50n=2,111.16n=2,8.09n=20,3.96n=12,4.00n=4,3.88n=2,7.48n=4,7.22n=4,7.31n=4,7.48n=4,7.29n=4
34,35,ðŸ‡¯ðŸ‡µ,Keiji Tanaka,0,0,2,0,0,225.98n=2,99.92n=2,109.38n=2,117.10n=2,7.25n=20,3.79n=12,4.86n=4,4.43n=2,7.96n=4,7.58n=4,7.70n=4,7.88n=4,7.88n=4
35,36,ðŸ‡¯ðŸ‡µ,Lucas Tsuyoshi Honda,0,1,0,0,0,225.89n=1,100.26n=1,113.39n=1,112.50n=1,7.73n=10,3.88n=6,4.44n=2,3.90n=1,7.60n=2,7.32n=2,7.55n=2,7.55n=2,7.55n=2
36,37,ðŸ‡ºðŸ‡¸,Jimmy Ma,0,2,1,1,0,222.32n=4,113.98n=4,112.18n=4,110.90n=4,7.84n=40,3.57n=24,4.14n=8,4.12n=4,7.46n=8,7.11n=8,7.33n=8,7.41n=8,7.40n=8
37,38,ðŸ‡¬ðŸ‡ª,Nika Egadze,0,3,1,0,0,219.01n=4,116.54n=4,115.06n=4,105.20n=4,8.39n=43,3.11n=27,3.74n=9,3.05n=4,7.10n=8,6.76n=8,6.88n=8,7.00n=8,6.91n=8
38,39,ðŸ‡ºðŸ‡¸,Tomoki Hiwatashi,0,1,2,1,0,218.58n=4,108.50n=4,106.99n=4,112.59n=4,7.20n=40,3.60n=24,4.38n=8,4.60n=4,7.55n=8,7.28n=8,7.39n=8,7.58n=8,7.54n=8
39,40,ðŸ‡·ðŸ‡º,Artur Danielian,0,0,2,0,0,218.22n=2,113.38n=2,109.27n=2,110.94n=2,7.52n=20,3.71n=12,4.31n=4,3.21n=2,7.61n=4,7.18n=4,7.35n=4,7.50n=4,7.45n=4
40,41,ðŸ‡®ðŸ‡±,Alexei Bychenko,0,2,0,0,0,217.98n=2,102.16n=2,105.02n=2,112.95n=2,7.56n=20,2.94n=12,3.92n=4,4.00n=2,7.60n=4,7.26n=4,7.58n=4,7.62n=4,7.70n=4
41,42,ðŸ‡¦ðŸ‡º,Brendan Kerry,0,3,1,1,0,217.36n=5,102.66n=5,106.99n=5,110.97n=5,7.42n=50,3.49n=30,3.92n=10,4.03n=5,7.58n=10,7.19n=10,7.40n=10,7.52n=10,7.42n=10
42,43,ðŸ‡·ðŸ‡º,Artem Kovalev,2,0,0,0,0,216.92n=2,100.66n=2,108.22n=2,109.20n=2,7.94n=20,3.47n=12,4.00n=4,-n=0,7.31n=4,7.00n=4,7.46n=4,7.33n=4,7.45n=4
43,44,ðŸ‡¨ðŸ‡¦,Wesley Chiu,2,1,0,0,0,216.62n=3,104.18n=3,108.42n=3,108.87n=3,7.78n=30,3.53n=18,4.13n=6,3.50n=1,7.32n=6,7.03n=6,7.23n=6,7.28n=6,7.36n=6
44,45,ðŸ‡¨ðŸ‡¦,Conrad Orzel,0,2,1,0,0,216.42n=3,113.46n=3,112.36n=3,104.73n=3,8.19n=30,3.17n=18,3.94n=6,3.57n=3,7.18n=6,6.75n=6,6.99n=6,7.08n=6,6.94n=6
45,46,ðŸ‡·ðŸ‡º,Kirill Sarnovsky,2,0,0,0,0,216.33n=2,103.81n=2,112.46n=2,103.87n=2,8.08n=20,4.04n=12,3.72n=4,-n=0,7.07n=4,6.59n=4,7.06n=4,6.91n=4,6.88n=4
46,47,ðŸ‡¨ðŸ‡­,Lukas Britschgi,0,2,0,1,0,214.59n=3,106.51n=3,105.39n=3,109.53n=3,7.12n=30,3.54n=18,4.30n=6,4.31n=3,7.32n=6,7.07n=6,7.24n=6,7.39n=6,7.45n=6
47,48,ðŸ‡¨ðŸ‡¦,Nam Nguyen,0,0,2,0,0,214.00n=2,97.94n=2,102.12n=2,111.88n=2,7.06n=20,3.49n=12,3.39n=4,3.86n=2,7.61n=4,7.26n=4,7.46n=4,7.52n=4,7.44n=4
48,49,ðŸ‡·ðŸ‡º,Egor Rukhin,2,0,0,0,0,212.78n=2,105.43n=2,110.61n=2,103.68n=2,8.26n=20,3.36n=12,3.93n=4,-n=0,7.08n=4,6.64n=4,6.84n=4,6.97n=4,6.96n=4
49,50,ðŸ‡·ðŸ‡º,Ilya Yablokov,2,1,0,0,0,212.57n=3,111.64n=3,111.81n=3,103.76n=3,7.95n=30,3.78n=18,4.21n=6,3.60n=1,7.19n=6,6.66n=6,7.03n=6,7.02n=6,7.03n=6
50,51,ðŸ‡·ðŸ‡º,Alexei Erokhov,0,1,0,0,0,212.54n=1,105.94n=1,102.64n=1,111.90n=1,7.06n=10,3.66n=6,3.54n=2,3.00n=1,7.72n=2,7.35n=2,7.42n=2,7.52n=2,7.52n=2
51,52,ðŸ‡ªðŸ‡ª,Aleksandr Selevko,0,3,0,0,0,212.39n=3,99.16n=3,102.67n=3,110.72n=3,6.90n=30,3.53n=18,4.19n=6,4.10n=3,7.37n=6,7.18n=6,7.35n=6,7.42n=6,7.47n=6
52,53,ðŸ‡ºðŸ‡¸,Camden Pulkinen,0,1,2,1,0,209.94n=4,100.52n=4,101.47n=4,110.22n=4,7.01n=40,3.31n=24,3.91n=8,3.65n=4,7.51n=8,7.14n=8,7.22n=8,7.48n=8,7.38n=8
53,54,ðŸ‡°ðŸ‡¿,Mikhail Shaidorov,1,1,0,1,0,209.59n=3,111.41n=3,113.61n=3,97.31n=3,8.59n=30,3.14n=18,3.25n=6,3.66n=2,6.48n=6,6.21n=6,6.36n=6,6.50n=6,6.48n=6
54,55,ðŸ‡¬ðŸ‡ª,Irakli Maysuradze,0,1,0,0,0,208.80n=1,105.25n=1,101.35n=1,108.45n=1,7.11n=10,3.31n=6,3.48n=2,3.40n=1,7.32n=2,7.08n=2,7.30n=2,7.30n=2,7.35n=2
55,56,ðŸ‡«ðŸ‡·,Romain Ponsart,0,1,1,0,0,208.33n=2,103.70n=2,99.91n=2,110.42n=2,6.85n=20,3.28n=12,3.91n=4,3.92n=2,7.49n=4,7.06n=4,7.34n=4,7.38n=4,7.46n=4
56,57,ðŸ‡¨ðŸ‡¦,Joseph Phan,0,1,0,1,0,207.75n=2,90.60n=2,99.10n=2,109.64n=2,6.77n=20,3.47n=12,3.31n=4,4.00n=2,7.37n=4,7.14n=4,7.20n=4,7.43n=4,7.27n=4
57,58,ðŸ‡«ðŸ‡·,Luc Economides,0,1,0,0,0,207.69n=1,98.53n=1,99.31n=1,110.38n=1,6.93n=10,3.26n=6,3.47n=2,3.50n=1,7.23n=2,6.96n=2,7.48n=2,7.58n=2,7.73n=2
58,59,ðŸ‡ªðŸ‡ª,Arlet Levandi,2,3,0,1,0,206.82n=6,92.50n=6,102.11n=6,104.88n=6,6.69n=60,3.74n=36,4.97n=12,4.23n=4,6.81n=12,6.67n=12,6.99n=12,7.04n=12,7.08n=12
59,60,ðŸ‡«ðŸ‡·,Landry Le May,0,1,0,0,0,206.64n=1,104.00n=1,105.59n=1,101.05n=1,7.69n=10,2.99n=6,3.54n=2,3.70n=1,6.85n=2,6.48n=2,6.80n=2,6.78n=2,6.78n=2
60,61,ðŸ‡¨ðŸ‡¦,Stephen Gogolev,0,1,0,0,0,206.17n=1,98.51n=1,99.82n=1,108.35n=1,7.69n=10,2.17n=6,3.13n=2,3.60n=1,7.35n=2,7.02n=2,7.18n=2,7.28n=2,7.25n=2
61,62,ðŸ‡®ðŸ‡¹,Gabriele Frangipani,0,2,2,1,0,205.89n=5,105.85n=5,101.39n=5,106.70n=5,7.21n=50,3.14n=30,3.77n=10,2.93n=5,7.16n=10,6.90n=10,7.07n=10,7.20n=10,7.21n=10
62,63,ðŸ‡®ðŸ‡¹,Nikolaj Memola,1,1,0,1,0,205.25n=3,100.18n=3,101.39n=3,104.19n=3,7.15n=30,3.30n=18,3.86n=6,3.56n=2,6.81n=6,6.63n=6,6.98n=6,6.94n=6,7.12n=6
63,64,ðŸ‡ªðŸ‡ª,Mihhail Selevko,2,3,0,0,0,205.18n=5,99.33n=5,102.04n=5,104.94n=5,6.89n=50,3.75n=30,4.16n=10,3.83n=3,7.07n=10,6.79n=10,6.97n=10,7.07n=10,7.04n=10
64,65,ðŸ‡ºðŸ‡¦,Ivan Shmuratko,0,2,0,1,0,204.69n=3,99.22n=3,97.07n=3,108.95n=3,6.44n=30,3.66n=18,3.56n=6,3.56n=3,7.36n=6,7.05n=6,7.25n=6,7.33n=6,7.39n=6
65,66,ðŸ‡©ðŸ‡ª,Nikita Starostin,0,3,0,1,0,204.18n=4,102.07n=4,101.52n=4,103.90n=4,6.81n=40,3.64n=24,4.13n=8,3.36n=4,6.86n=8,6.62n=8,6.94n=8,6.90n=8,6.99n=8
66,67,ðŸ‡©ðŸ‡ª,Paul Fentz,0,2,0,1,1,202.13n=3,98.32n=3,97.19n=3,106.27n=3,6.54n=33,3.19n=21,3.25n=7,3.87n=3,7.24n=6,6.79n=6,6.89n=6,7.06n=6,7.12n=6
67,68,ðŸ‡·ðŸ‡º,Fedor Zonov,1,0,0,0,0,201.28n=1,90.55n=1,100.60n=1,101.68n=1,6.67n=10,4.32n=6,3.98n=2,-n=0,6.62n=2,6.44n=2,6.72n=2,6.77n=2,6.91n=2
68,69,ðŸ‡ºðŸ‡¸,Eric Sjoberg,0,2,0,0,0,201.08n=2,93.54n=2,98.62n=2,103.45n=2,6.87n=20,3.40n=12,2.90n=4,3.70n=2,6.98n=4,6.68n=4,6.78n=4,6.96n=4,6.85n=4
69,70,ðŸ‡¨ðŸ‡³,Yudong Chen,0,0,1,0,0,200.96n=1,108.43n=1,101.68n=1,104.28n=1,6.78n=10,3.79n=6,3.80n=2,3.57n=1,7.27n=2,6.77n=2,6.86n=2,7.11n=2,7.04n=2
70,71,ðŸ‡ºðŸ‡¸,William Annis,2,0,0,0,0,200.86n=2,105.94n=2,103.44n=2,98.92n=2,7.65n=20,3.21n=12,3.84n=4,-n=0,6.84n=4,6.39n=4,6.54n=4,6.65n=4,6.59n=4
71,72,ðŸ‡¦ðŸ‡¹,Maurizio Zandron,0,3,0,1,0,198.04n=4,99.37n=4,96.47n=4,102.33n=4,6.42n=40,3.30n=24,4.34n=8,3.83n=4,6.76n=8,6.60n=8,6.78n=8,6.89n=8,6.98n=8
72,73,ðŸ‡¨ðŸ‡¦,Corey Circelli,2,1,0,1,0,196.98n=4,90.74n=4,93.84n=4,104.39n=4,6.28n=40,3.55n=24,3.67n=8,4.72n=2,6.98n=8,6.77n=8,6.87n=8,7.09n=8,7.10n=8
73,74,ðŸ‡¬ðŸ‡§,Peter James Hallam,0,1,0,0,0,196.39n=1,94.17n=1,95.38n=1,102.01n=1,6.10n=10,3.75n=6,3.80n=2,4.25n=1,6.66n=2,6.62n=2,6.80n=2,6.71n=2,6.98n=2
74,75,ðŸ‡®ðŸ‡±,Mark Gorodnitsky,0,2,0,0,0,196.25n=2,91.30n=2,95.48n=2,101.28n=2,6.39n=20,3.55n=12,3.38n=4,3.50n=2,6.92n=4,6.54n=4,6.74n=4,6.79n=4,6.75n=4
75,76,ðŸ‡ºðŸ‡¸,Lucas Broussard,2,0,0,0,0,195.54n=2,94.73n=2,97.74n=2,98.80n=2,6.97n=20,3.58n=12,3.28n=4,-n=0,6.44n=4,6.30n=4,6.46n=4,6.62n=4,6.63n=4
76,77,ðŸ‡ºðŸ‡¸,Jacob Sanchez,1,0,0,0,0,194.03n=1,86.43n=1,94.18n=1,99.85n=1,6.21n=10,4.04n=6,3.94n=2,-n=0,6.50n=2,6.40n=2,6.69n=2,6.82n=2,6.79n=2
77,78,ðŸ‡¸ðŸ‡ª,Nikolaj Majorov,0,2,0,0,0,193.78n=2,90.94n=2,88.60n=2,109.19n=2,5.55n=20,3.37n=12,4.39n=4,4.12n=2,7.47n=4,7.08n=4,7.22n=4,7.50n=4,7.58n=4
78,79,ðŸ‡·ðŸ‡º,Andrei Anisimov,2,0,0,0,0,193.42n=2,100.79n=2,97.24n=2,97.18n=2,6.97n=20,3.28n=12,3.94n=4,-n=0,6.86n=4,6.26n=4,6.51n=4,6.55n=4,6.54n=4
79,80,ðŸ‡«ðŸ‡·,Adrien Tesson,0,2,0,0,0,193.28n=2,91.12n=2,91.80n=2,101.48n=2,6.01n=20,3.38n=12,3.85n=4,3.70n=2,6.64n=4,6.46n=4,6.80n=4,6.78n=4,6.91n=4
80,81,ðŸ‡²ðŸ‡½,Donovan Carrillo,0,1,0,0,0,192.54n=1,97.46n=1,93.68n=1,100.86n=1,5.82n=10,3.92n=6,4.36n=2,3.33n=1,6.78n=2,6.44n=2,6.71n=2,7.10n=2,6.92n=2
81,82,ðŸ‡ºðŸ‡¸,Matthew Nielsen,1,0,0,0,0,192.38n=1,89.97n=1,96.56n=1,95.82n=1,6.55n=10,3.76n=6,4.23n=2,-n=0,6.50n=2,6.11n=2,6.39n=2,6.54n=2,6.36n=2
82,83,ðŸ‡­ðŸ‡·,Jari Kessler,0,3,0,0,0,191.92n=3,85.02n=3,90.83n=3,103.09n=3,5.54n=33,3.37n=21,4.45n=7,4.28n=3,6.75n=6,6.60n=6,6.64n=6,6.86n=6,6.85n=6
83,84,ðŸ‡¨ðŸ‡¿,Georgii Reshtenko,2,3,0,0,0,191.67n=5,101.33n=5,97.68n=5,94.79n=5,6.88n=50,3.22n=30,3.67n=10,3.77n=3,6.41n=10,6.03n=10,6.28n=10,6.37n=10,6.32n=10
84,85,ðŸ‡µðŸ‡±,Vladimir Samoilov,0,1,0,0,0,190.35n=1,99.65n=1,96.05n=1,97.30n=1,6.59n=10,3.26n=6,3.70n=2,3.20n=1,6.70n=2,6.30n=2,6.45n=2,6.58n=2,6.42n=2
85,86,ðŸ‡¹ðŸ‡·,Burak Demirboga,0,3,0,1,0,189.84n=4,93.64n=4,93.58n=4,96.52n=4,6.58n=40,2.95n=24,3.44n=8,3.23n=4,6.62n=8,6.24n=8,6.47n=8,6.48n=8,6.52n=8
86,87,ðŸ‡§ðŸ‡¾,Konstantin Milyukov,0,3,0,1,0,189.24n=4,97.20n=4,90.87n=4,100.62n=4,6.34n=40,2.86n=24,3.41n=8,3.53n=4,6.88n=8,6.54n=8,6.62n=8,6.82n=8,6.78n=8
87,88,ðŸ‡¸ðŸ‡ª,Andreas NordebÃ¤ck,2,0,0,0,0,189.05n=2,85.17n=2,89.98n=2,99.56n=2,6.20n=20,3.19n=12,4.41n=4,-n=0,6.59n=4,6.45n=4,6.54n=4,6.62n=4,6.77n=4
88,89,ðŸ‡¹ðŸ‡·,BaÅŸar Oktar,0,3,0,0,0,188.83n=3,97.11n=3,94.52n=3,94.64n=3,6.52n=30,3.30n=18,3.39n=6,2.73n=3,6.50n=6,6.11n=6,6.32n=6,6.35n=6,6.29n=6
89,90,ðŸ‡ªðŸ‡¸,TomÃ¡s Guarino SabatÃ©,0,3,0,1,0,188.80n=4,91.46n=4,93.06n=4,96.74n=4,6.40n=40,3.10n=24,3.58n=8,3.27n=4,6.51n=8,6.12n=8,6.39n=8,6.45n=8,6.51n=8
90,91,ðŸ‡¨ðŸ‡­,Nicola Todeschini,0,2,0,0,0,188.28n=2,92.15n=2,92.61n=2,96.68n=2,6.06n=20,3.48n=12,3.82n=4,3.49n=2,6.60n=4,6.10n=4,6.43n=4,6.34n=4,6.48n=4
91,92,ðŸ‡°ðŸ‡·,Jaekeun Lee,1,0,0,0,0,188.20n=1,79.17n=1,87.75n=1,101.45n=1,6.00n=10,3.12n=6,4.56n=2,-n=0,6.91n=2,6.57n=2,6.86n=2,6.91n=2,6.78n=2
92,93,ðŸ‡°ðŸ‡·,Jaeseok Kyeong,0,0,0,1,0,187.97n=1,96.03n=1,92.02n=1,97.95n=1,5.74n=10,3.70n=6,4.26n=2,3.92n=1,6.66n=2,6.29n=2,6.44n=2,6.64n=2,6.54n=2
93,94,ðŸ‡°ðŸ‡·,Younghyun Cha,2,0,0,0,0,186.81n=2,86.10n=2,90.96n=2,95.86n=2,6.40n=20,3.18n=12,3.95n=4,-n=0,6.51n=4,6.22n=4,6.34n=4,6.47n=4,6.33n=4
94,95,ðŸ‡²ðŸ‡¨,DavidÃ© Lewton Brain,0,2,0,1,0,184.61n=3,83.64n=3,87.39n=3,97.88n=3,5.50n=30,3.61n=18,3.62n=6,3.53n=3,6.63n=6,6.34n=6,6.56n=6,6.59n=6,6.69n=6
95,96,ðŸ‡¨ðŸ‡­,Naoki Rossi,2,0,0,0,0,184.19n=2,85.54n=2,89.85n=2,95.34n=2,5.84n=20,3.87n=12,4.10n=4,-n=0,6.27n=4,6.15n=4,6.42n=4,6.47n=4,6.50n=4
96,97,ðŸ‡¦ðŸ‡¹,Luc Maierhofer,0,3,0,0,0,184.03n=3,88.57n=3,89.09n=3,95.61n=3,5.96n=30,3.37n=18,3.27n=6,2.77n=3,6.49n=6,6.20n=6,6.37n=6,6.50n=6,6.44n=6
97,98,ðŸ‡®ðŸ‡±,Daniel Samohin,0,2,0,0,0,183.74n=2,96.26n=2,82.69n=2,105.55n=2,4.93n=20,3.55n=12,4.28n=4,3.55n=2,7.22n=4,6.86n=4,6.96n=4,7.12n=4,7.08n=4
98,99,ðŸ‡¦ðŸ‡²,Slavik Hayrapetyan,0,1,0,1,0,183.66n=2,86.08n=2,85.53n=2,99.12n=2,5.73n=20,3.10n=12,3.24n=4,3.20n=2,6.71n=4,6.44n=4,6.56n=4,6.65n=4,6.66n=4
99,100,ðŸ‡«ðŸ‡·,Francois Pitot,2,0,0,0,0,183.32n=2,93.04n=2,92.14n=2,93.17n=2,6.55n=20,3.16n=12,3.84n=4,-n=0,6.24n=4,5.90n=4,6.22n=4,6.26n=4,6.26n=4
100,101,ðŸ‡¬ðŸ‡§,Graham Newberry,0,1,0,0,0,182.33n=1,101.25n=1,93.83n=1,90.50n=1,6.11n=13,3.48n=9,3.73n=3,3.70n=1,6.37n=2,5.98n=2,6.27n=2,6.30n=2,6.29n=2
101,102,ðŸ‡µðŸ‡±,Kornel Witkowski,0,1,0,1,0,182.02n=2,94.64n=2,87.08n=2,97.95n=2,5.90n=20,2.99n=12,3.38n=4,3.40n=2,6.70n=4,6.32n=4,6.38n=4,6.57n=4,6.61n=4
102,103,ðŸ‡¹ðŸ‡¼,Yuhsiang Li,2,0,0,0,0,180.14n=2,87.79n=2,89.08n=2,91.07n=2,6.09n=20,3.54n=12,3.45n=4,-n=0,5.94n=4,5.72n=4,6.12n=4,6.08n=4,6.04n=4
103,104,ðŸ‡°ðŸ‡·,Hyungyeom Kim,2,0,0,0,0,179.52n=2,88.76n=2,86.85n=2,93.16n=2,5.87n=20,3.38n=12,3.93n=4,-n=0,6.19n=4,6.05n=4,6.22n=4,6.27n=4,6.19n=4
104,105,ðŸ‡¬ðŸ‡§,Edward Appleby,2,0,0,0,0,179.14n=2,93.16n=2,88.60n=2,92.03n=2,6.20n=20,3.24n=12,3.58n=4,-n=0,6.25n=4,5.88n=4,6.14n=4,6.18n=4,6.14n=4
105,106,ðŸ‡¨ðŸ‡¿,Matyas Belohradsky,0,3,0,0,0,179.04n=3,89.55n=3,85.88n=3,95.17n=3,5.75n=33,3.06n=21,3.45n=7,3.96n=3,6.51n=6,6.15n=6,6.33n=6,6.37n=6,6.45n=6
106,107,ðŸ‡¨ðŸ‡¦,Matthew Newnham,1,0,0,0,0,178.39n=1,83.54n=1,82.43n=1,97.96n=1,5.22n=10,3.76n=6,3.82n=2,-n=0,6.52n=2,6.30n=2,6.58n=2,6.61n=2,6.68n=2
107,108,ðŸ‡ºðŸ‡¸,Maxim Zharkov,1,0,0,0,0,178.05n=1,90.73n=1,86.11n=1,93.94n=1,5.98n=10,3.23n=6,3.46n=2,-n=0,6.43n=2,6.08n=2,6.23n=2,6.32n=2,6.20n=2
108,109,ðŸ‡®ðŸ‡±,Lev Vinokur,2,0,0,0,0,177.88n=2,95.54n=2,90.55n=2,89.34n=2,6.57n=20,3.00n=12,3.40n=4,-n=0,6.04n=4,5.73n=4,6.08n=4,5.96n=4,6.07n=4
109,110,ðŸ‡®ðŸ‡¹,Alessandro Fadini,0,1,0,0,0,177.74n=1,93.47n=1,83.99n=1,96.75n=1,5.06n=10,3.45n=6,4.44n=2,3.80n=1,6.50n=2,6.22n=2,6.45n=2,6.45n=2,6.62n=2
110,111,ðŸ‡«ðŸ‡®,Valtter Virtanen,0,3,0,1,0,177.30n=4,83.96n=4,80.61n=4,97.94n=4,4.82n=40,3.43n=24,4.00n=8,3.82n=4,6.61n=8,6.32n=8,6.52n=8,6.65n=8,6.68n=8
111,112,ðŸ‡¨ðŸ‡­,Nurullah Sahaka,0,1,0,0,0,176.85n=1,80.35n=1,79.77n=1,99.08n=1,4.43n=10,3.72n=6,4.60n=2,3.92n=1,6.62n=2,6.29n=2,6.58n=2,6.77n=2,6.71n=2
112,113,ðŸ‡µðŸ‡­,Edrian Paul Celestino,0,2,0,0,0,176.59n=2,77.70n=2,77.42n=2,99.68n=2,4.92n=20,3.04n=12,3.30n=4,3.32n=2,6.81n=4,6.48n=4,6.60n=4,6.68n=4,6.71n=4
113,114,ðŸ‡®ðŸ‡¹,Matteo Nalbone,1,0,0,0,0,176.40n=1,83.30n=1,84.12n=1,92.28n=1,6.08n=10,2.96n=6,2.77n=2,-n=0,6.25n=2,5.86n=2,6.14n=2,6.25n=2,6.12n=2
114,115,ðŸ‡ºðŸ‡¸,Kai Kovar,1,0,0,0,0,175.87n=1,91.08n=1,88.98n=1,89.89n=1,6.00n=10,3.62n=6,3.61n=2,-n=0,6.09n=2,5.88n=2,5.91n=2,6.00n=2,5.94n=2
115,116,ðŸ‡°ðŸ‡¿,Dias Jirenbayev,1,2,0,1,0,174.30n=4,81.47n=4,83.22n=4,91.33n=4,5.61n=40,3.05n=24,3.02n=8,3.68n=3,6.20n=8,5.84n=8,6.02n=8,6.09n=8,6.14n=8
116,117,ðŸ‡§ðŸ‡¾,Alexander Lebedev,2,0,0,0,1,173.33n=2,83.48n=2,79.84n=2,94.98n=2,5.76n=23,2.79n=15,3.15n=5,-n=0,6.40n=4,6.16n=4,6.23n=4,6.45n=4,6.44n=4
117,118,ðŸ‡®ðŸ‡¹,Raffaele Francesco Zich,1,3,0,0,0,172.82n=4,81.64n=4,79.80n=4,93.52n=4,5.01n=40,3.11n=24,4.15n=8,3.63n=3,6.39n=8,6.07n=8,6.19n=8,6.34n=8,6.25n=8
118,119,ðŸ‡¨ðŸ‡¦,Beresford Clements,0,2,0,0,0,172.66n=2,88.89n=2,83.92n=2,91.74n=2,5.64n=20,3.02n=12,3.18n=4,3.04n=2,6.26n=4,6.04n=4,6.01n=4,6.24n=4,6.15n=4
119,120,ðŸ‡¨ðŸ‡¦,Bennet Toman,0,1,0,0,0,172.33n=1,102.57n=1,84.25n=1,91.08n=1,5.48n=10,3.46n=6,2.85n=2,3.00n=1,6.32n=2,6.03n=2,5.97n=2,6.22n=2,6.10n=2
120,121,ðŸ‡©ðŸ‡ª,Kai Jagoda,0,3,0,0,0,169.96n=3,83.87n=3,77.76n=3,95.87n=3,4.66n=30,3.49n=18,3.78n=6,2.63n=3,6.56n=6,6.29n=6,6.20n=6,6.52n=6,6.48n=6
121,122,ðŸ‡©ðŸ‡ª,Louis Weissert,2,0,0,0,0,169.43n=2,76.26n=2,77.32n=2,92.61n=2,5.10n=20,3.25n=12,3.40n=4,-n=0,6.15n=4,6.05n=4,6.10n=4,6.21n=4,6.27n=4
122,123,ðŸ‡·ðŸ‡º,Alexander Golubev,1,0,0,0,0,168.82n=1,87.74n=1,79.39n=1,92.43n=1,5.11n=10,3.60n=6,3.31n=2,-n=0,6.64n=2,5.95n=2,6.25n=2,6.34n=2,6.20n=2
123,124,ðŸ‡«ðŸ‡®,Makar Suntsev,2,3,0,0,0,167.51n=5,80.57n=5,77.25n=5,91.66n=5,4.97n=50,2.97n=30,3.90n=10,3.32n=3,6.14n=10,6.02n=10,6.00n=10,6.24n=10,6.18n=10
124,125,ðŸ‡«ðŸ‡·,Ian Vauclin,2,0,0,0,0,164.96n=2,77.59n=2,77.10n=2,89.36n=2,5.07n=20,3.36n=12,3.15n=4,-n=0,6.04n=4,5.66n=4,5.97n=4,6.06n=4,6.12n=4
125,126,ðŸ‡¦ðŸ‡²,Semen Daniliants,1,0,0,0,0,163.77n=1,87.61n=1,83.18n=1,82.59n=1,5.78n=10,3.23n=6,3.02n=2,-n=0,5.56n=2,5.18n=2,5.44n=2,5.60n=2,5.54n=2
126,127,ðŸ‡«ðŸ‡·,Yann Frechon,0,1,0,0,0,162.89n=1,80.96n=1,74.99n=1,87.90n=1,5.19n=10,2.91n=6,1.57n=2,2.50n=1,6.22n=2,5.78n=2,5.80n=2,6.02n=2,5.82n=2
127,128,ðŸ‡¸ðŸ‡°,Adam Hagara,1,1,0,0,0,162.52n=2,95.22n=2,85.00n=2,78.02n=2,6.42n=23,2.63n=15,2.79n=5,2.83n=1,5.64n=4,5.18n=4,5.36n=4,5.44n=4,5.35n=4
128,129,ðŸ‡¹ðŸ‡·,Alp Eren Ozkan,1,1,0,0,0,162.24n=2,92.94n=2,80.31n=2,83.44n=2,5.51n=20,2.94n=12,3.06n=4,3.00n=1,5.72n=4,5.38n=4,5.67n=4,5.66n=4,5.55n=4
129,130,ðŸ‡µðŸ‡­,Michael Christian Martinez,0,2,0,0,0,161.62n=2,80.00n=2,73.16n=2,89.96n=2,4.40n=20,3.23n=12,3.26n=4,3.28n=2,6.22n=4,5.69n=4,6.11n=4,6.14n=4,6.24n=4
130,131,ðŸ‡ºðŸ‡¦,Andrey Kokura,1,0,0,0,0,161.42n=1,89.51n=1,77.74n=1,83.68n=1,5.38n=10,2.79n=6,3.60n=2,-n=0,5.66n=2,5.23n=2,5.56n=2,5.71n=2,5.71n=2
131,132,ðŸ‡©ðŸ‡ª,Thomas Stoll,0,2,0,0,1,160.00n=2,75.46n=2,72.38n=2,89.12n=2,3.80n=23,3.43n=15,3.09n=5,3.40n=2,6.17n=4,5.92n=4,5.89n=4,6.17n=4,6.19n=4
132,133,ðŸ‡°ðŸ‡·,Hangil Kim,1,0,0,0,0,159.85n=1,79.63n=1,72.30n=1,89.55n=1,4.69n=10,2.96n=6,3.82n=2,-n=0,6.15n=2,5.77n=2,5.90n=2,6.14n=2,6.08n=2
133,134,ðŸ‡®ðŸ‡¹,Emanuele Indelicato,1,0,0,0,0,159.07n=1,79.75n=1,72.30n=1,87.77n=1,4.64n=10,3.22n=6,3.29n=2,-n=0,5.86n=2,5.66n=2,5.80n=2,5.94n=2,5.91n=2
134,135,ðŸ‡­ðŸ‡°,Harrison Jon Yen Wong,0,1,0,0,1,158.49n=1,86.23n=1,81.43n=1,77.06n=1,4.66n=13,3.40n=9,2.59n=3,3.33n=1,5.21n=2,4.92n=2,5.10n=2,5.21n=2,5.07n=2
135,136,ðŸ‡µðŸ‡±,Jakub Lofek,2,0,0,0,0,158.12n=2,72.70n=2,70.87n=2,87.25n=2,4.59n=20,3.07n=12,3.25n=4,-n=0,5.84n=4,5.61n=4,5.79n=4,5.88n=4,5.88n=4
136,137,ðŸ‡¸ðŸ‡ª,Casper Johansson,2,0,0,0,0,156.64n=2,75.27n=2,73.14n=2,84.50n=2,4.54n=20,3.40n=12,3.68n=4,-n=0,5.67n=4,5.48n=4,5.62n=4,5.79n=4,5.76n=4
137,138,ðŸ‡ºðŸ‡¦,Kyrylo Lishenko,2,0,0,0,0,156.38n=2,75.20n=2,75.16n=2,81.22n=2,5.16n=20,2.96n=12,2.93n=4,-n=0,5.64n=4,5.19n=4,5.46n=4,5.41n=4,5.41n=4
138,139,ðŸ‡¦ðŸ‡º,James Min,0,1,0,1,0,156.38n=2,94.28n=2,75.35n=2,84.52n=2,4.87n=20,3.01n=12,2.50n=4,3.54n=2,5.95n=4,5.45n=4,5.58n=4,5.90n=4,5.71n=4
139,140,ðŸ‡µðŸ‡­,Christopher Caluza,0,1,0,0,0,156.24n=1,78.17n=1,74.20n=1,83.04n=1,4.81n=10,2.92n=6,2.58n=2,3.42n=1,5.44n=2,5.29n=2,5.77n=2,5.82n=2,5.96n=2
140,141,ðŸ‡ºðŸ‡¦,Fedir Kulish,1,0,0,0,0,155.84n=1,78.64n=1,79.01n=1,77.83n=1,6.01n=10,2.26n=6,2.68n=2,-n=0,5.52n=2,4.98n=2,5.26n=2,5.18n=2,5.08n=2
141,142,ðŸ‡§ðŸ‡¾,Yauhenii Puzanau,1,0,0,0,0,155.37n=1,69.53n=1,67.52n=1,89.85n=1,3.87n=10,3.61n=6,3.55n=2,-n=0,6.23n=2,5.79n=2,5.92n=2,6.17n=2,6.17n=2
142,143,ðŸ‡µðŸ‡±,Milosz Witkowski,0,1,0,0,0,154.94n=1,64.83n=1,64.69n=1,90.25n=1,3.68n=10,2.84n=6,3.80n=2,3.30n=1,6.08n=2,5.78n=2,5.98n=2,6.05n=2,6.18n=2
143,144,ðŸ‡§ðŸ‡¬,Larry Loupolover,0,2,0,0,0,153.22n=2,81.00n=2,71.24n=2,82.97n=2,4.41n=23,2.63n=15,2.53n=5,2.82n=2,5.98n=4,5.50n=4,5.69n=4,5.78n=4,5.77n=4
144,145,ðŸ‡§ðŸ‡¾,Vasil Barakhouski,1,0,0,0,0,152.63n=1,84.38n=1,76.78n=1,78.85n=1,5.08n=10,3.40n=6,2.82n=2,-n=0,5.29n=2,4.86n=2,5.32n=2,5.36n=2,5.38n=2
145,146,ðŸ‡¨ðŸ‡­,Micha Steffen,0,1,0,0,0,151.67n=1,85.95n=1,74.54n=1,77.13n=1,4.89n=10,2.72n=6,3.38n=2,2.58n=1,5.54n=2,5.06n=2,5.17n=2,5.42n=2,5.17n=2
146,147,ðŸ‡°ðŸ‡¿,Rakhat Bralin,0,1,0,0,0,151.15n=1,67.27n=1,63.15n=1,89.00n=1,4.46n=10,1.83n=6,2.35n=2,2.90n=1,6.18n=2,5.80n=2,5.92n=2,6.05n=2,6.00n=2
147,148,ðŸ‡±ðŸ‡»,Daniels Kochkers,2,0,0,0,0,150.63n=2,75.18n=2,70.78n=2,80.35n=2,5.60n=23,1.94n=15,2.53n=5,-n=0,5.59n=4,5.26n=4,5.29n=4,5.43n=4,5.31n=4
148,149,ðŸ‡­ðŸ‡º,Andras Csernoch,0,2,0,0,0,150.22n=2,80.06n=2,69.49n=2,82.23n=2,4.25n=23,3.09n=15,3.13n=5,2.99n=2,5.81n=4,5.40n=4,5.48n=4,5.64n=4,5.53n=4
149,150,ðŸ‡¿ðŸ‡¦,Matthew Samuels,0,2,0,0,0,150.11n=2,79.82n=2,71.28n=2,79.83n=2,4.56n=20,2.66n=12,3.07n=4,3.56n=2,5.44n=4,5.04n=4,5.33n=4,5.32n=4,5.36n=4
150,151,ðŸ‡¨ðŸ‡¦,Alec Guinzbourg,1,0,0,0,0,149.82n=1,82.82n=1,66.32n=1,88.50n=1,4.21n=10,3.11n=6,2.76n=2,-n=0,6.14n=2,5.95n=2,5.72n=2,6.08n=2,5.86n=2
151,152,ðŸ‡¸ðŸ‡ª,Jonathan Egyptson,1,0,0,0,0,148.95n=1,65.87n=1,63.68n=1,86.27n=1,3.82n=10,3.27n=6,2.94n=2,-n=0,5.77n=2,5.44n=2,5.73n=2,5.82n=2,5.86n=2
152,153,ðŸ‡ºðŸ‡¦,Vadym Novikov,2,0,0,0,0,148.72n=2,75.91n=2,73.46n=2,76.76n=2,5.24n=20,2.59n=12,2.74n=4,-n=0,5.41n=4,4.88n=4,5.22n=4,5.16n=4,5.12n=4
153,154,ðŸ‡¹ðŸ‡¼,Fang-Yi Lin,1,0,0,0,0,148.38n=1,78.64n=1,63.85n=1,87.53n=1,3.84n=10,3.01n=6,3.70n=2,-n=0,6.48n=2,5.74n=2,5.66n=2,6.02n=2,5.93n=2
154,155,ðŸ‡ªðŸ‡¸,Pablo GarcÃ­a,1,1,0,0,0,147.86n=2,73.66n=2,72.90n=2,75.46n=2,5.09n=20,2.41n=12,2.99n=4,3.20n=1,5.16n=4,4.88n=4,4.97n=4,5.10n=4,4.98n=4
155,156,ðŸ‡­ðŸ‡·,Charles Henry Katanovic,0,2,0,0,0,147.56n=2,73.93n=2,65.36n=2,82.20n=2,3.69n=20,3.20n=12,3.02n=4,3.20n=2,5.78n=4,5.38n=4,5.55n=4,5.59n=4,5.55n=4
156,157,ðŸ‡«ðŸ‡·,Corentin Spinar,1,0,0,0,0,147.16n=1,63.95n=1,66.53n=1,80.63n=1,4.41n=10,2.85n=6,2.64n=2,-n=0,5.54n=2,5.14n=2,5.34n=2,5.44n=2,5.40n=2
157,158,ðŸ‡¦ðŸ‡º,Jordan Dodds,0,1,0,1,0,146.26n=2,71.47n=2,64.80n=2,83.96n=2,3.88n=20,2.97n=12,2.62n=4,2.92n=2,5.77n=4,5.44n=4,5.51n=4,5.82n=4,5.70n=4
158,159,ðŸ‡­ðŸ‡º,MÃ³zes JÃ³zsef Berei,1,0,0,0,0,145.55n=1,73.39n=1,66.42n=1,79.13n=1,4.20n=10,3.20n=6,2.60n=2,-n=0,5.39n=2,5.07n=2,5.36n=2,5.40n=2,5.28n=2
159,160,ðŸ‡¹ðŸ‡·,Ali Efe Gunes,2,0,0,0,0,144.40n=2,83.31n=2,75.22n=2,69.68n=2,5.69n=20,2.28n=12,2.32n=4,-n=0,5.01n=4,4.45n=4,4.63n=4,4.67n=4,4.48n=4
160,161,ðŸ‡­ðŸ‡º,Aleksandr Vlasenko,1,0,0,0,0,143.82n=1,78.37n=1,73.21n=1,71.61n=1,5.01n=10,2.85n=6,3.03n=2,-n=0,5.02n=2,4.66n=2,4.84n=2,4.92n=2,4.93n=2
161,162,ðŸ‡¨ðŸ‡¿,Damian Malczyk,1,0,0,0,0,143.60n=1,62.81n=1,64.39n=1,79.21n=1,3.98n=10,2.99n=6,3.34n=2,-n=0,5.36n=2,5.11n=2,5.44n=2,5.32n=2,5.30n=2
162,163,ðŸ‡¹ðŸ‡·,Alp Tore Ovalioglu,1,0,0,0,0,141.70n=1,65.07n=1,62.98n=1,81.72n=1,4.27n=10,2.65n=6,2.18n=2,-n=0,5.46n=2,5.14n=2,5.40n=2,5.50n=2,5.50n=2
163,164,ðŸ‡§ðŸ‡¬,Radoslav Marinov,0,1,0,0,0,141.23n=1,77.09n=1,73.13n=1,70.10n=1,5.24n=10,2.84n=6,1.87n=2,0.00n=1,5.12n=2,4.55n=2,4.82n=2,4.82n=2,4.68n=2
164,165,ðŸ‡®ðŸ‡ª,Conor Stakelum,0,2,0,0,0,140.11n=2,59.75n=2,58.31n=2,82.30n=2,3.65n=23,2.81n=15,2.39n=5,3.22n=2,5.61n=4,5.36n=4,5.59n=4,5.61n=4,5.61n=4
165,166,ðŸ‡¸ðŸ‡ª,Oliver Praetorius,1,0,0,0,0,139.21n=1,73.53n=1,64.82n=1,77.39n=1,4.37n=10,2.51n=6,3.02n=2,-n=0,5.41n=2,4.92n=2,5.11n=2,5.34n=2,5.14n=2
166,167,ðŸ‡¸ðŸ‡°,Lukas Vaclavik,2,0,0,0,0,138.13n=2,66.12n=2,61.49n=2,79.14n=2,3.81n=20,2.82n=12,3.24n=4,-n=0,5.41n=4,5.16n=4,5.33n=4,5.33n=4,5.30n=4
167,168,ðŸ‡ªðŸ‡¸,Euken Alberdi,1,0,0,0,0,137.67n=1,57.06n=1,58.25n=1,79.42n=1,3.74n=10,2.71n=6,2.30n=2,-n=0,5.44n=2,5.12n=2,5.28n=2,5.36n=2,5.11n=2
168,169,ðŸ‡¸ðŸ‡°,Marko Piliar,2,0,0,0,0,137.57n=2,69.18n=2,64.22n=2,74.84n=2,4.02n=20,2.98n=12,3.07n=4,-n=0,5.28n=4,4.77n=4,4.89n=4,5.09n=4,4.86n=4
169,170,ðŸ‡¹ðŸ‡¼,Che Yu Yeh,0,1,0,0,0,137.13n=1,70.03n=1,63.57n=1,74.56n=1,3.87n=10,2.55n=6,3.38n=2,2.83n=1,5.04n=2,4.80n=2,4.92n=2,5.06n=2,5.12n=2
170,171,ðŸ‡°ðŸ‡¿,Oleg Melnikov,1,0,0,0,0,136.15n=1,70.50n=1,64.93n=1,72.22n=1,4.14n=10,3.32n=6,1.78n=2,-n=0,5.00n=2,4.52n=2,4.93n=2,4.71n=2,4.82n=2
171,172,ðŸ‡®ðŸ‡±,Iakov Pogrebinskii,2,0,0,0,0,134.77n=2,67.20n=2,63.83n=2,71.94n=2,4.29n=20,2.64n=12,2.52n=4,-n=0,5.02n=4,4.73n=4,4.71n=4,4.88n=4,4.75n=4
172,173,ðŸ‡©ðŸ‡ª,Luca FÃ¼nfer,2,0,0,0,0,133.79n=2,71.36n=2,63.42n=2,72.87n=2,4.36n=20,2.31n=12,2.95n=4,-n=0,5.07n=4,4.71n=4,4.83n=4,4.96n=4,4.79n=4
173,174,ðŸ‡­ðŸ‡º,MÃ¡tÃ© BÃ¶rÃ¶cz,0,1,0,0,0,133.74n=1,76.20n=1,67.39n=1,67.35n=1,4.89n=10,2.01n=6,1.84n=2,2.70n=1,4.88n=2,4.32n=2,4.58n=2,4.55n=2,4.42n=2
174,175,ðŸ‡¬ðŸ‡§,Freddie Leggott,1,0,0,0,0,131.16n=1,66.56n=1,57.92n=1,77.24n=1,3.59n=10,2.60n=6,3.22n=2,-n=0,5.27n=2,5.05n=2,5.14n=2,5.20n=2,5.28n=2
175,176,ðŸ‡¹ðŸ‡·,Efe Ergin Dincer,1,0,0,0,0,128.83n=1,65.34n=1,61.30n=1,68.53n=1,4.37n=10,2.30n=6,1.90n=2,-n=0,4.88n=2,4.38n=2,4.68n=2,4.56n=2,4.43n=2
176,177,ðŸ‡ªðŸ‡ª,Jegor Martsenko,2,0,0,0,0,126.56n=2,67.92n=2,59.42n=2,68.64n=2,3.89n=20,2.52n=12,2.71n=4,-n=0,4.81n=4,4.35n=4,4.46n=4,4.71n=4,4.51n=4
177,178,ðŸ‡«ðŸ‡·,Axel Ahmed,1,0,0,0,0,125.55n=1,59.69n=1,48.38n=1,81.17n=1,2.55n=10,2.86n=6,2.86n=2,-n=0,5.61n=2,5.30n=2,5.30n=2,5.54n=2,5.43n=2
178,179,ðŸ‡®ðŸ‡±,Nikita Kovalenko,0,1,0,0,0,125.49n=1,51.56n=1,44.69n=1,83.80n=1,2.73n=10,1.32n=6,3.20n=2,3.10n=1,5.88n=2,5.48n=2,5.50n=2,5.82n=2,5.65n=2
179,180,ðŸ‡­ðŸ‡°,Adonis Wai Chung Wong,0,1,0,0,0,125.13n=1,65.35n=1,53.83n=1,72.30n=1,3.53n=10,2.06n=6,2.20n=2,1.80n=1,5.28n=2,4.72n=2,4.90n=2,4.95n=2,4.68n=2
180,181,ðŸ‡®ðŸ‡¹,Gabriel Renoldi,1,0,0,0,0,121.23n=1,62.32n=1,53.60n=1,69.63n=1,3.29n=10,2.58n=6,2.62n=2,-n=0,4.96n=2,4.54n=2,4.60n=2,4.84n=2,4.69n=2
181,182,ðŸ‡¨ðŸ‡­,Leon Auspurg,0,1,0,0,0,117.58n=1,65.87n=1,56.78n=1,62.80n=1,3.83n=10,2.13n=6,1.86n=2,2.00n=1,4.48n=2,4.02n=2,4.20n=2,4.28n=2,4.10n=2
182,183,ðŸ‡¦ðŸ‡¹,Tobia Oellerer,1,0,0,0,0,110.15n=1,54.91n=1,46.55n=1,65.60n=1,2.67n=10,2.51n=6,2.40n=2,-n=0,4.58n=2,4.25n=2,4.34n=2,4.56n=2,4.38n=2
183,184,ðŸ‡¬ðŸ‡§,Joseph Alexander Zakipour,1,0,0,0,0,110.05n=1,63.92n=1,52.91n=1,62.14n=1,3.29n=10,2.52n=6,2.46n=2,-n=0,4.52n=2,4.09n=2,4.12n=2,4.54n=2,4.18n=2
184,185,ðŸ‡¸ðŸ‡®,David Sedej,2,0,0,0,0,108.96n=2,65.16n=2,53.10n=2,59.37n=2,3.49n=20,2.24n=12,2.34n=4,-n=0,4.32n=4,3.78n=4,3.94n=4,4.10n=4,3.84n=4
185,186,ðŸ‡ºðŸ‡¿,Azizmurod Shabazov,1,0,0,0,0,106.92n=1,47.68n=1,45.12n=1,62.80n=1,2.37n=10,2.47n=6,3.28n=2,-n=0,4.76n=2,4.02n=2,4.16n=2,4.28n=2,4.07n=2
186,187,ðŸ‡­ðŸ‡°,Heung Lai Zhao,1,0,0,0,0,101.76n=1,60.10n=1,47.36n=1,57.40n=1,3.36n=10,1.81n=6,1.44n=2,-n=0,4.50n=2,3.68n=2,3.88n=2,4.14n=2,3.86n=2
187,188,ðŸ‡¿ðŸ‡¦,Nicolas Van De Vijver,1,0,0,0,0,96.20n=1,44.36n=1,37.32n=1,59.88n=1,2.02n=10,2.06n=6,2.36n=2,-n=0,4.14n=2,3.80n=2,4.09n=2,4.12n=2,3.89n=2
188,189,ðŸ‡®ðŸ‡ª,Dillon Judge,2,0,0,0,0,95.00n=2,53.16n=2,44.51n=2,53.48n=2,2.96n=20,1.86n=12,1.87n=4,-n=0,3.88n=4,3.44n=4,3.49n=4,3.71n=4,3.54n=4
189,190,ðŸ‡¦ðŸ‡¹,Alexander Charnagalov,1,0,0,0,0,93.72n=1,51.58n=1,40.40n=1,57.32n=1,2.28n=10,2.21n=6,2.16n=2,-n=0,4.30n=2,3.75n=2,3.70n=2,4.02n=2,3.92n=2
190,191,ðŸ‡§ðŸ‡¬,Filip Kaimakchiev,2,0,0,0,0,91.84n=2,61.80n=2,44.10n=2,52.23n=2,2.97n=19,2.23n=12,1.24n=4,-n=0,3.76n=4,3.43n=4,3.46n=4,3.68n=4,3.54n=4
191,192,ðŸ‡¿ðŸ‡¦,Sinali Sango,1,0,0,0,0,90.03n=1,42.26n=1,37.45n=1,53.58n=1,2.34n=10,1.71n=6,1.92n=2,-n=0,3.92n=2,3.34n=2,3.54n=2,3.60n=2,3.48n=2
192,193,ðŸ‡²ðŸ‡°,Seldin Saliu,1,0,0,0,0,83.33n=1,42.87n=1,36.68n=1,46.65n=1,2.57n=10,1.35n=6,1.45n=2,-n=0,3.36n=2,3.04n=2,3.10n=2,3.30n=2,3.09n=2
193,194,ðŸ‡¹ðŸ‡­,Chindanai Ponsing,1,0,0,0,0,67.67n=1,26.46n=1,19.77n=1,50.90n=1,1.08n=10,1.08n=6,1.27n=2,-n=0,3.73n=2,3.38n=2,3.36n=2,3.52n=2,3.42n=2
194,195,ðŸ‡®ðŸ‡³,Priyam Tated,1,0,0,0,0,30.36n=1,17.43n=1,12.99n=1,18.37n=1,0.71n=8,0.90n=6,0.96n=2,-n=0,1.38n=2,0.90n=2,1.40n=2,1.27n=2,1.36n=2
